firstname,lastname,ssn,phonenumber,streetaddress,city,state,zipcode
Mike,Jones,555-44-3333,314-555-9999,1233 ThisStreet,Saint Louis,MO,63119
Indira,Gupta,444-55-6666,314-555-8888,3344 StreetX,Saint Louis,MO,63126
Rebecca,Williams,666-22-3333,636-555-7777,543 MyStreet,Saint Louis,MO,63114
Jordan,Jackson,999-33-1111,573-555-6666,9876 Anywhere,Columbia,MO,65203
Luis,Santiago,333-44-5555,573-555-5555,8769 StreetY,Columbia,MO,65203
Vincent,Schwartz,888-99-7777,573-555-4444,7690 StreetZ,Columbia,MO,65203
Shelley,Washington,111-00-9999,555-000-4444,5050 Park St.,St. Louis,MO,63141
