movie_id,username,review,rating
6,__love__,Basically Aliens but with a better public relations manager.,3
2,__love__,Did we really need more than one Xenomorph? It feels so wasteful to just have all of these other creatures wandering around when one was scary and effective all by itself. I'm generally pretty liberal but I consider myself an alien conservative.,4
6,chalkers,OK from what I remember! It's been a while.,3
6,babyjim,A++ Better than Chalkley thinks!,4
3,chalkers,Baz Luhrmann at his best.,5
